Title,Price
Sepuluh Hal Penting Dalam Kepemimpinan Seperti Kristus,Rp 27.000
ZIKIR PAGI & PETANG DILENGKAPI ZIKIR&DOA SEPUTAR MUSLIMAh,Rp 44.100
"The Path To Prosperity : Hidup Makmur, Hidup Bahagia",Rp 44.100
Tangan Kotor Di Balik Layar,Rp 53.100
Sang Visioner Jack Ma,Rp 31.950
Stay Focus,Rp 31.950
Rahasia Investasi Warren Buffett,Rp 40.950
Karamah Para Wali,Rp 53.550
Bukupas Bahasa Indonesia untuk SD/MI Kelas 5 Fase C,Rp 57.000
Bukupas Pendidikan Pancasila SD/MI Kelas 1 Fase A,Rp 57.000
Bukupas Pendidikan Pancasila untuk SD/MI Kelas 2 Fase A,Rp 57.000
Bukupas Pendidikan Pancasila untuk SD/MI Kelas 5 Fase C,Rp 57.000
Bukupas Matematika SD/MI Kelas 4 Fase B,Rp 57.000
Bukupas Bahasa Indonesia SD/MI Kelas 4 Fase B,Rp 57.000
Bukupas IPAS SD/MI Kelas 4 Fase B,Rp 57.000
Bukupas Pendidikan Pancasila SD/MI Kelas 4 Fase B,Rp 57.000
Bukupas Bahasa Indonesia untuk SD/MI Kelas 2 Fase A,Rp 57.000
Bukupas Bahasa Indonesia SD/MI Kelas 1 Fase A,Rp 57.000
Bukupas IPAS untuk SD/MI Kelas 5 Face C,Rp 57.000
Guruku Sahabatku : Based On True Story,Rp 43.200
